{
   "view":"dynamic-checklist:views/fields/dynamic-checklist",
    
   "params":[
      {
         "name":"required",
         "type":"bool",
         "default":false
      },
      {
         "name":"options",
         "type":"array",
         "view": "views/admin/field-manager/fields/options"
      },
      {
         "name":"translation",
         "type":"varchar",
         "hidden": true
      },
      {
         "name": "allowCustomOptions",
         "type": "bool",
         "hidden": true
      },
      {
         "name": "noEmptyString",
         "type": "bool",
         "default": false
      },
      {
         "name": "displayAsList",
         "type":"bool"
      },
      {
         "name": "maxCount",
         "type": "int",
         "min": 1
      },
      {
         "name":"audited",
         "type":"bool"
      },
      {
         "name":"readOnly",
         "type":"bool"
      }
   ],
   "validationList": [
      "required",
      "maxCount"
   ],
   "filter": true,
   "notCreatable": false,
   "notSortable": true,
   "fieldDefs":{
      "type":"jsonArray",
      "storeArrayValues": true
   },
   "translatedOptions": true,
   "dynamicLogicOptions": true,
   "personalData": true
}
